Rank,Company,Ticker Symbol,Industry,Website,City,State,Zip Code,Number of Employees,,Annual Rev (in millions),Rank 2020,Rev % change from 2020,"Profit $USD
(in millions)",Profit % change from 2020,"Assets $USD
(in millions)","Stockholder's Equity $USD
(in millions)",Market Value 3/31/22 $USD (in millions),Profits as % of Sales,Profits as % of Assets,Profits as % of Stockholder Equity,Earnings Per Share 2021,EPS % change from 2020,5-YR EPS % annual rate,10-YR EPS % annual rate,2021 Total Return to Investors,5-YR Total Return to Investors,10-YR Total Return to Investors
1,Walmart,WMT,General Merchandisers,www.walmart.com,Bentonville,AR,72716,"2,300,000",,"$572,754 ",1,2.4,"$13,673 ",1.2,"$244,860 ","$83,253 ","$409,795 ",2.4,5.6,16.4,4.87,2.5,2.1,0.7,1.9,18.3,11.8
2,Amazon.com,AMZN,Internet Services and Retailing,www.amazon.com,Seattle,WA,98109,"1,608,000",,"$469,822 ",2,21.7,"$33,364 ",56.4,"$420,549 ","$138,245 ","$1,658,807 ",7.1,7.9,24.1,64.81,54.9,67.6,47.1,2.4,34.8,34.4
3,Apple,AAPL,"Computers, Office Equipment",www.apple.com,Cupertino,CA,95014,"154,000",,"$365,817 ",3,33.3,"$94,680 ",64.9,"$351,002 ","$63,090 ","$2,849,538 ",25.9,27,150.1,5.61,71,22,19,34.7,45.5,30.5
4,CVS Health,CVS,Health Care: Pharmacy and Other Services,www.cvshealth.com,Woonsocket,RI,2895,"258,000",,"$292,111 ",4,8.7,"$7,910 ",10.2,"$232,999 ","$75,075 ","$132,839 ",2.7,3.4,10.5,5.95,9,4,8.8,54.9,8.6,12.2
5,UnitedHealth Group,UNH,Health Care: Insurance and Managed Care,www.unitedhealthgroup.com,Minnetonka,MN,55343,"350,000",,"$287,597 ",5,11.8,"$17,285 ",12.2,"$212,206 ","$71,760 ","$479,830 ",6,8.1,24.1,18.08,12.8,20.1,14.3,45.1,27.6,27.7
6,Exxon Mobil,XOM,Petroleum Refining,www.exxonmobil.com,Irving,TX,75039,"63,000",,"$285,640 ",10,57.4,"$23,040 ",,"$338,923 ","$168,577 ","$349,652 ",8.1,6.8,13.7,5.39,,23.4,-4.4,57.3,-2.5,0.9
7,Berkshire Hathaway,BRKA,Insurance: Property and Casualty (Stock),www.berkshirehathaway.com,Omaha,NE,68131,"372,000",,"$276,094 ",6,12.5,"$89,795 ",111.2,"$958,784 ","$506,199 ","$779,542 ",32.5,9.4,17.7,59460,123,32.3,25.3,29.6,13,14.7
8,Alphabet,GOOGL,Internet Services and Retailing,www.abc.xyz,Mountain View,CA,94043,"156,500",,"$257,637 ",9,41.2,"$76,033 ",88.8,"$359,268 ","$251,635 ","$1,842,326 ",29.5,21.2,30.2,112.2,91.4,32.1,22.4,65.3,29.6,24.5
9,McKesson,MCK,Wholesalers: Health Care,www.mckesson.com,Irving,TX,75039,"67,500",,"$238,228 ",7,3.1,"($4,539)",-604.3,"$65,015 ",($21),"$45,858 ",-1.9,-7,,-28.26,-670.9,,,44.3,13.3,13.3
10,AmerisourceBergen,ABC,Wholesalers: Health Care,www.amerisourcebergen.com,Conshohocken,PA,19428,"40,000",,"$213,989 ",8,12.7,"$1,540 ",,"$57,338 ",$223 ,"$32,356 ",0.7,2.7,689.5,7.39,,3.2,11.3,38.1,13.1,15.4
11,Costco Wholesale,COST,General Merchandisers,www.costco.com,Issaquah,WA,98027,"288,000",,"$195,929 ",12,17.5,"$5,007 ",25.1,"$59,268 ","$17,564 ","$255,231 ",2.6,8.4,28.5,11.27,24.9,16.2,13.1,51.8,31.7,24.4
12,Cigna,CI,Health Care: Pharmacy and Other Services,www.cigna.com,Bloomfield,CT,6002,"72,963",,"$174,078 ",13,8.5,"$5,365 ",-36.6,"$154,889 ","$47,112 ","$76,286 ",3.1,3.5,11.4,15.73,-31.5,16.9,12.5,12.3,11.9,18.8
13,AT&T,T,Telecommunications,www.att.com,Dallas,TX,75202,"202,600",,"$168,864 ",11,-1.7,"$20,081 ",,"$551,622 ","$166,332 ","$169,262 ",11.9,3.6,12.1,2.76,,5.6,15.4,-8,-4.6,3.7
14,Microsoft,MSFT,Computer Software,www.microsoft.com,Redmond,WA,98052,"181,000",,"$168,088 ",15,17.5,"$61,271 ",38.4,"$333,779 ","$141,988 ","$2,311,359 ",36.5,18.4,43.2,8.05,39.8,30.8,11.6,52.5,42.2,31.9
15,Cardinal Health,CAH,Wholesalers: Health Care,www.cardinalhealth.com,Dublin,OH,43017,"46,827",,"$162,467 ",14,6.2,$611 ,,"$44,453 ","$1,791 ","$15,709 ",0.4,1.4,34.1,2.08,,-13.6,-2.6,-0.4,-3.2,5.2
16,Chevron,CVX,Petroleum Refining,www.chevron.com,San Ramon,CA,94583,"42,595",,"$162,465 ",27,71.6,"$15,625 ",,"$239,535 ","$139,067 ","$317,120 ",9.6,6.5,11.2,8.14,,,-4.9,45.9,4.5,5.2
17,Home Depot,HD,Specialty Retailers: Other,www.homedepot.com,Atlanta,GA,30339,"490,600",,"$151,157 ",18,14.4,"$16,433 ",27.7,"$71,876 ","($1,696)","$309,313 ",10.9,22.9,,15.53,30.1,19.2,20.2,59.4,28.2,28.5
18,Walgreens Boots Alliance,WBA,Food and Drug Stores,www.walgreensbootsalliance.com,Deerfield,IL,60015,"258,500",,"$148,579 ",16,6.5,"$2,542 ",457.5,"$81,285 ","$23,419 ","$38,671 ",1.7,3.1,10.9,2.93,463.5,-5.2,0,35.6,-5.9,7.5
19,Marathon Petroleum,MPC,Petroleum Refining,www.marathonpetroleum.com,Findlay,OH,45840,"17,700",,"$141,032 ",32,58.5,"$9,738 ",,"$85,373 ","$26,206 ","$47,758 ",6.9,11.4,37.2,15.24,,47.1,16.4,60.7,9,18.1
20,Anthem,ANTM,Health Care: Insurance and Managed Care,www.antheminc.com,Indianapolis,IN,46204,"98,200",,"$138,639 ",23,13.8,"$6,104 ",33.5,"$97,460 ","$36,060 ","$118,534 ",4.4,6.3,16.9,24.73,37.5,21.8,13.1,46,28,23.3
21,Kroger,KR,Food and Drug Stores,www.thekrogerco.com,Cincinnati,OH,45202,"420,000",,"$137,888 ",17,4.1,"$1,655 ",-36,"$49,086 ","$9,452 ","$41,496 ",1.2,3.4,17.5,2.17,-33.6,1.1,15.7,45.4,7.7,16.1
22,Ford Motor,F,Motor Vehicles and Parts,www.ford.com,Dearborn,MI,48126,"183,000",,"$136,341 ",21,7.2,"$17,937 ",,"$257,035 ","$48,519 ","$67,958 ",13.2,7,37,4.45,,31.1,-1,137.5,16.3,11.1
23,Verizon Communications,VZ,Telecommunications,www.verizon.com,New York,NY,10036,"118,400",,"$133,613 ",20,4.1,"$22,065 ",24,"$366,596 ","$81,790 ","$213,837 ",16.5,6,27,5.32,23.7,10.6,20.1,-7.4,4,7.3
24,JPMorgan Chase,JPM,Commercial Banks,www.jpmorganchase.com,New York,NY,10179,"271,025",,"$127,202 ",19,-1.8,"$48,334 ",65.9,"$3,743,567 ","$294,127 ","$402,527 ",38,1.3,16.4,15.36,73,19.9,13.1,27.7,15.9,20.1
25,General Motors,GM,Motor Vehicles and Parts,www.gm.com,Detroit,MI,48265,"157,000",,"$127,004 ",22,3.7,"$10,019 ",55.9,"$244,718 ","$59,744 ","$63,555 ",7.9,4.1,16.8,6.7,54.7,2.2,3.9,40.8,14.2,14.2
26,Centene,CNC,Health Care: Insurance and Managed Care,www.centene.com,St. Louis,MO,63105,"72,500",,"$125,982 ",24,13.4,"$1,347 ",-25.5,"$78,375 ","$26,795 ","$49,072 ",1.1,1.7,5,2.28,-26.9,5.9,15.7,37.3,23.9,23.6
27,Meta Platforms,FB,Internet Services and Retailing,www.fb.com,Menlo Park,CA,94025,"71,970",,"$117,929 ",34,37.2,"$39,370 ",35.1,"$165,987 ","$124,879 ","$605,251 ",33.4,23.7,31.5,13.77,36.5,31.6,,23.1,23.9,
28,Comcast,CMCSA,Telecommunications,www.comcastcorporation.com,Philadelphia,PA,19103,"189,000",,"$116,385 ",26,12.4,"$14,159 ",34.4,"$275,905 ","$96,092 ","$212,246 ",12.2,5.1,14.7,3.04,33.3,11.2,15,-2.2,9.9,17.7
29,Phillips 66,PSX,Petroleum Refining,www.phillips66.com,Houston,TX,77042,"14,000",,"$114,852 ",48,75.4,"$1,317 ",,"$55,594 ","$19,166 ","$41,561 ",1.1,2.4,6.9,2.97,,0.3,,8.6,0.4,
30,Valero Energy,VLO,Petroleum Refining,www.valero.com,San Antonio,TX,78249,"9,804",,"$108,332 ",53,80.2,$930 ,,"$57,888 ","$18,430 ","$41,572 ",0.9,1.6,5,2.27,,-14.4,-4.7,40,6.8,18.8
31,Dell Technologies,DELL,"Computers, Office Equipment",www.delltechnologies.com,Round Rock,TX,78682,"133,000",,"$106,995 ",28,13.6,"$5,563 ",71.2,"$92,735 ","($1,685)","$38,164 ",5.2,6,,7.02,66.4,,,51.5,,
32,Target,TGT,General Merchandisers,www.target.com,Minneapolis,MN,55403,"450,000",,"$106,005 ",30,13.3,"$6,946 ",59,"$53,811 ","$12,827 ","$98,134 ",6.6,12.9,54.2,14.1,63.2,24.6,12.7,33,29.7,19.5
33,Fannie Mae,FNMA,Diversified Financials,www.fanniemae.com,Washington,DC,20005,"7,400",,"$101,543 ",25,-4.6,"$22,176 ",87.9,"$4,229,166 ","$47,357 ",$909 ,21.8,0.5,46.8,0.01,300,0,,-65.7,-26.8,15.1
34,United Parcel Service,UPS,"Mail, Package and Freight Delivery",www.ups.com,Atlanta,GA,30328,"400,945",,"$97,287 ",35,15,"$12,890 ",859.8,"$69,405 ","$14,253 ","$186,817 ",13.2,18.6,90.4,14.68,853.2,30.6,14.4,30.1,16.8,14.7
35,Lowe's,LOW,Specialty Retailers: Other,www.lowes.com,Mooresville,NC,28117,"270,000",,"$96,250 ",31,7.4,"$8,442 ",44.7,"$44,640 ","($4,816)","$133,761 ",8.8,18.9,,12.04,55.4,28.3,23.7,63.3,31.8,28.3
36,Bank of America,BAC,Commercial Banks,www.bankofamerica.com,Charlotte,NC,28255,"208,248",,"$93,851 ",29,0.1,"$31,978 ",78.7,"$3,169,495 ","$270,066 ","$332,433 ",34.1,1,11.8,3.57,90.9,18.9,80,49.5,17.5,24.9
37,Johnson & Johnson,JNJ,Pharmaceuticals,www.jnj.com,New Brunswick,NJ,8933,"141,700",,"$93,775 ",36,13.6,"$20,878 ",41.9,"$182,018 ","$74,023 ","$466,047 ",22.3,11.5,28.2,7.81,41.7,5.7,8.4,11.5,11.1,13.2
38,Archer Daniels Midland,ADM,Food Production,www.adm.com,Chicago,IL,60601,"39,979",,"$85,249 ",51,32.5,"$2,709 ",52.9,"$56,136 ","$22,477 ","$50,769 ",3.2,4.8,12.1,4.79,52.1,17.3,4.3,37.3,11.4,12
39,FedEx,FDX,"Mail, Package and Freight Delivery",www.fedex.com,Memphis,TN,38120,"484,000",,"$83,959 ",45,21.3,"$5,231 ",306.8,"$82,777 ","$24,168 ","$59,971 ",6.2,6.3,21.6,19.45,296.9,24.5,15.6,0.7,8.2,13
40,Humana,HUM,Health Care: Insurance and Managed Care,www.humana.com,Louisville,KY,40202,"95,500",,"$83,064 ",41,7.7,"$2,933 ",-12.9,"$44,358 ","$16,080 ","$55,155 ",3.5,6.6,18.2,22.67,-10.4,41,10.4,13.8,18.6,19.1
41,Wells Fargo,WFC,Commercial Banks,www.wellsfargo.com,San Francisco,CA,94104,"247,848",,"$82,407 ",37,2.6,"$21,548 ",552.8,"$1,948,068 ","$187,606 ","$184,225 ",26.1,1.1,11.5,4.95,"1,107.30",4.4,5.8,61.2,0.2,8.8
42,State Farm Insurance,,Insurance: Property and Casualty (Mutual),www.statefarm.com,Bloomington,IL,61710,"53,586",,"$82,225 ",39,4.2,"$1,281 ",-65.7,"$325,349 ","$143,206 ",,1.6,0.4,0.9,,,,,,,
43,Pfizer,PFE,Pharmaceuticals,www.pfizer.com,New York,NY,10017,"79,000",,"$81,288 ",77,94,"$21,979 ",128.6,"$181,476 ","$77,201 ","$292,385 ",27,12.1,28.5,3.85,125.1,26.9,11.7,66.5,18.2,15.2
44,Citigroup,C,Commercial Banks,www.citigroup.com,New York,NY,10013,"221,768",,"$79,865 ",33,-10.1,"$21,952 ",98.7,"$2,291,413 ","$201,972 ","$105,330 ",27.5,1,10.9,10.14,114.8,16.5,10.8,0.8,3,10.3
45,PepsiCo,PEP,Food Consumer Products,www.pepsico.com,Purchase,NY,10577,"309,000",,"$79,474 ",44,12.9,"$7,618 ",7,"$92,377 ","$16,043 ","$231,528 ",9.6,8.2,47.5,5.49,7.2,4.7,3.1,20.5,14,13.4
46,Intel,INTC,Semiconductors and Other Electronic Components,www.intel.com,Santa Clara,CA,95054,"121,100",,"$79,024 ",40,1.5,"$19,868 ",-4.9,"$168,406 ","$95,391 ","$202,636 ",25.1,11.8,20.8,4.86,-1.6,18,7.4,6,10,11
47,Procter & Gamble,PG,Household and Personal Products,www.pg.com,Cincinnati,OH,45202,"101,000",,"$76,118 ",43,7.3,"$14,306 ",9.8,"$119,307 ","$46,378 ","$366,272 ",18.8,12,30.8,5.5,10.9,8.3,3.4,20.5,17.5,12.7
48,General Electric,GE,Industrial Machinery,www.ge.com,Boston,MA,2210,"168,000",,"$74,196 ",38,-6.8,"($6,520)",-214.3,"$198,874 ","$40,310 ","$100,810 ",-8.8,-3.3,-16.2,-6.16,-232.8,,,9.7,-15.8,-1.3
49,International Business Machines,IBM,Information Technology Services,www.ibm.com,Armonk,NY,10504,"297,800",,"$72,344 ",42,-1.7,"$5,743 ",2.7,"$132,001 ","$18,901 ","$116,928 ",7.9,4.4,30.4,6.35,1.9,-12.5,-7,16.7,1.2,0.8
50,MetLife,MET,"Insurance: Life, Health (Stock)",www.metlife.com,New York,NY,10166,"43,000",,"$71,080 ",46,4.8,"$6,554 ",21.2,"$759,708 ","$67,482 ","$57,987 ",9.2,0.9,9.7,7.31,28.7,63.3,1.5,37.3,9.3,11.9
51,Prudential Financial,PRU,"Insurance: Life, Health (Stock)",www.prudential.com,Newark,NJ,7102,"40,916",,"$70,934 ",55,24.4,"$7,724 ",,"$937,582 ","$61,876 ","$44,482 ",10.9,0.8,12.5,19.51,,15,10.5,45.1,5.4,12
52,Albertsons,ACI,Food and Drug Stores,www.albertsonscompanies.com,Boise,ID,83706,"300,000",,"$69,690 ",52,11.6,$850 ,82.3,"$26,598 ","$2,923 ","$16,064 ",1.2,3.2,29.1,1.47,,,,74.9,,
53,Walt Disney,DIS,Entertainment,www.thewaltdisneycompany.com,Burbank,CA,91521,"171,000",,"$67,418 ",50,3.1,"$1,995 ",,"$203,609 ","$88,553 ","$249,718 ",3,1,2.3,1.09,,-28.2,-8,-14.5,9.3,16.6
54,Energy Transfer,ET,Pipelines,www.energytransfer.com,Dallas,TX,75225,"12,558",,"$67,417 ",81,73.1,"$5,470 ",,"$105,963 ","$31,300 ","$34,497 ",8.1,5.2,17.5,1.89,,15.5,18.5,43,-8.1,5
55,Lockheed Martin,LMT,Aerospace and Defense,www.lockheedmartin.com,Bethesda,MD,20817,"114,000",,"$67,044 ",49,2.5,"$6,315 ",-7.6,"$50,873 ","$10,959 ","$117,648 ",9.4,12.4,57.6,22.76,-6.3,5.4,11.3,3.1,10.2,19.6
56,Freddie Mac,FMCC,Diversified Financials,www.freddiemac.com,McLean,VA,22102,"7,301",,"$65,898 ",47,-0.5,"$12,109 ",65.3,"$3,025,586 ","$28,033 ",$510 ,18.4,0.4,43.2,0.15,"1,400.00",38,,-64.4,-26,14.6
57,Goldman Sachs Group,GS,Commercial Banks,www.goldmansachs.com,New York,NY,10282,"43,900",,"$64,989 ",59,21.5,"$21,635 ",128.7,"$1,463,988 ","$109,926 ","$117,668 ",33.3,1.5,19.7,59.45,140.3,29.6,29.4,47.6,11.8,17.4
58,Raytheon Technologies,RTX,Aerospace and Defense,www.rtx.com,Waltham,MA,2451,"174,000",,"$64,388 ",57,13.8,"$3,864 ",,"$161,404 ","$73,068 ","$147,641 ",6,2.4,5.3,2.56,,-16,-7.3,23.3,8.9,10
59,HP,HPQ,"Computers, Office Equipment",www.hp.com,Palo Alto,CA,94304,"51,000",,"$63,487 ",56,12.1,"$6,503 ",128.7,"$38,610 ","($1,650)","$38,237 ",10.2,16.8,,5.33,166.5,30.1,4.8,57.4,24.2,14.9
60,Boeing,BA,Aerospace and Defense,www.boeing.com,Chicago,IL,60606,"142,000",,"$62,286 ",54,7.1,"($4,202)",,"$138,552 ","($14,999)","$113,059 ",-6.7,-3,,-7.15,,,,-6,6.9,12.9
61,Morgan Stanley,MS,Commercial Banks,www.morganstanley.com,New York,NY,10036,"74,814",,"$61,121 ",61,17.4,"$15,034 ",36.7,"$1,188,140 ","$105,441 ","$155,686 ",24.6,1.3,14.3,8.03,24.3,22.4,20.6,46.5,21.3,22.9
62,HCA Healthcare,HCA,Health Care: Medical Facilities,www.hcahealthcare.com,Nashville,TN,37203,"244,000",,"$58,752 ",62,14,"$6,956 ",85.3,"$50,742 ",($933),"$75,692 ",11.8,13.7,,21.16,93.6,23.7,15.6,57.6,29.2,31.1
63,AbbVie,ABBV,Pharmaceuticals,www.abbvie.com,North Chicago,IL,60064,"50,000",,"$56,197 ",68,22.7,"$11,542 ",150,"$146,529 ","$15,408 ","$286,332 ",20.5,7.9,74.9,6.45,137.1,12.2,,32.2,22,
64,Dow,DOW,Chemicals,www.dow.com,Midland,MI,48674,"35,700",,"$54,968 ",82,42.6,"$6,311 ",415.2,"$62,990 ","$18,165 ","$46,840 ",11.5,10,34.7,8.38,411,,,6.9,,
65,Tesla,TSLA,Motor Vehicles and Parts,www.tesla.com,Austin,TX,78725,"99,290",,"$53,823 ",100,70.7,"$5,519 ",665.5,"$62,131 ","$30,189 ","$1,113,708 ",10.3,8.9,18.3,4.9,665.6,,,49.8,89.9,68.5
66,Allstate,ALL,Insurance: Property and Casualty (Stock),www.allstate.com,Northbrook,IL,60062,"54,500",,"$53,228 ",70,18.8,"$1,599 ",-71.3,"$99,440 ","$25,179 ","$38,554 ",3,1.6,6.4,4.96,-71.3,1.2,12.6,9.7,12,18.1
67,American International Group,AIG,Insurance: Property and Casualty (Stock),www.aig.com,New York,NY,10020,"36,600",,"$52,057 ",72,19,"$9,388 ",,"$596,112 ","$65,956 ","$50,608 ",18,1.6,14.2,10.82,,,1.4,54,0,11.5
68,Best Buy,BBY,Specialty Retailers: Other,www.investors.bestbuy.com,Richfield,MN,55423,"81,375",,"$51,761 ",66,9.5,"$2,454 ",36.5,"$17,504 ","$3,020 ","$20,473 ",4.7,14,81.3,9.84,43.9,20.9,,4.3,21.9,19.3
69,Charter Communications,CHTR,Telecommunications,www.charter.com,Stamford,CT,6902,"93,700",,"$51,682 ",64,7.5,"$4,654 ",44.4,"$142,491 ","$14,050 ","$112,803 ",9,3.3,33.1,24.47,58.9,9,,-1.4,17.8,26.3
70,Sysco,SYY,Wholesalers: Food and Grocery,www.sysco.com,Houston,TX,77077,"57,710",,"$51,298 ",60,-3,$524 ,143.3,"$21,414 ","$1,553 ","$41,433 ",1,2.4,33.8,1.02,142.9,-9.1,-6.3,8.4,9.9,13.5
71,Merck,MRK,Pharmaceuticals,www.merck.com,Kenilworth,NJ,7033,"67,500",,"$51,216 ",65,6.7,"$13,049 ",84.6,"$105,694 ","$38,184 ","$207,401 ",25.5,12.3,34.2,5.14,84.9,29.5,9.8,1.4,9.7,11.4
72,New York Life Insurance,,"Insurance: Life, Health (Mutual)",www.newyorklife.com,New York,NY,10010,"14,344",,"$51,199 ",67,9.6,$277 ,,"$379,985 ","$24,566 ",,0.5,0.1,1.1,,,,,,,
73,Caterpillar,CAT,Construction and Farm Machinery,www.caterpillar.com,Deerfield,IL,60015,"107,700",,"$50,971 ",78,22.1,"$6,489 ",116.4,"$82,793 ","$16,484 ","$119,407 ",12.7,7.8,39.4,11.83,116.7,,4.8,15.9,20.5,11.7
74,Cisco Systems,CSCO,Network and Other Communications Equipment,www.cisco.com,San Jose,CA,95134,"79,500",,"$49,818 ",63,1,"$10,591 ",-5.6,"$97,497 ","$41,275 ","$231,636 ",21.3,10.9,25.7,2.5,-5.3,3.5,7.9,45.7,19.5,16.8
75,TJX,TJX,Specialty Retailers: Apparel,www.tjx.com,Framingham,MA,1701,"340,000",,"$48,550 ",97,51.1,"$3,283 ","3,528.60","$28,462 ","$6,003 ","$71,195 ",6.8,11.5,54.7,2.7,"3,757.10",9.3,10.8,12.9,16.7,18.2
76,Publix Super Markets,,Food and Drug Stores,www.publix.com,Lakeland,FL,33811,"232,000",,"$48,394 ",69,7.1,"$4,412 ",11.1,"$31,524 ","$21,995 ",,9.1,14,20.1,6.4,12.9,19.5,12.9,,,
77,ConocoPhillips,COP,"Mining, Crude-Oil Production",www.conocophillips.com,Houston,TX,77079,"9,900",,"$48,349 ",156,151.1,"$8,079 ",,"$90,661 ","$45,406 ","$129,605 ",16.7,8.9,17.8,6.07,,,-3.8,86,10.4,6
78,Liberty Mutual Insurance Group,,Insurance: Property and Casualty (Stock),www.libertymutual.com,Boston,MA,2116,"45,000",,"$48,200 ",71,10.1,"$3,068 ",304.7,"$156,043 ","$27,816 ",,6.4,2,11,,,,,,,
79,Progressive,PGR,Insurance: Property and Casualty (Stock),www.progressive.com,Mayfield Village,OH,44143,"49,077",,"$47,702 ",74,11.8,"$3,351 ",-41.3,"$71,132 ","$18,232 ","$66,670 ",7,4.7,18.4,5.66,-41.4,26.3,13.5,10.8,28.1,22.5
80,Nationwide,,Insurance: Property and Casualty (Mutual),www.nationwide.com,Columbus,OH,43215,"24,134",,"$47,376 ",76,13,"$1,617 ",,"$278,412 ","$18,022 ",,3.4,0.6,9,,,,,,,
81,Tyson Foods,TSN,Food Production,www.tysonfoods.com,Springdale,AR,72762,"137,000",,"$47,049 ",73,8.9,"$3,047 ",47.8,"$36,309 ","$17,723 ","$32,488 ",6.5,8.4,17.2,8.34,47.9,13,15.5,38.4,9.4,17.3
82,Bristol-Myers Squibb,BMY,Pharmaceuticals,www.bms.com,New York,NY,10016,"32,200",,"$46,385 ",75,9.1,"$6,994 ",,"$109,314 ","$35,946 ","$155,204 ",15.1,6.4,19.5,3.12,,3.3,3.7,3.7,4.4,9.1
83,Nike,NKE,Apparel,www.nike.com,Beaverton,OR,97005,"73,300",,"$44,538 ",85,19.1,"$5,727 ",125.6,"$37,740 ","$12,767 ","$212,779 ",12.9,15.2,44.9,3.56,122.5,10.5,12.5,18.7,28.2,22.7
84,Deere,DE,Construction and Farm Machinery,www.deere.com,Moline,IL,61265,"75,550",,"$44,024 ",88,23.9,"$5,963 ",116.8,"$84,114 ","$18,431 ","$127,457 ",13.5,7.1,32.4,18.99,118.5,31.6,11.1,28.7,29.3,18.5
85,American Express,AXP,Diversified Financials,www.americanexpress.com,New York,NY,10285,"64,000",,"$43,663 ",83,14.3,"$8,060 ",157.1,"$188,548 ","$22,177 ","$141,613 ",18.5,4.3,36.3,10.02,165.8,12.1,9.3,36.8,18.8,14.8
86,Abbott Laboratories,ABT,Medical Products and Equipment,www.abbott.com,Abbott Park,IL,60064,"113,000",,"$43,075 ",89,24.5,"$7,071 ",57.3,"$75,196 ","$35,802 ","$208,726 ",16.4,9.4,19.8,3.94,57.6,33.2,2.7,30.4,31.9,20.4
87,StoneX Group,SNEX,Diversified Financials,www.stonex.com,New York,NY,10169,"3,242",,"$42,534 ",58,-21.4,$116 ,-31.4,"$18,840 ",$904 ,"$1,494 ",0.3,0.6,12.9,5.74,-33.3,14.6,12.1,5.8,9.1,10
88,Plains GP Holdings,PAGP,Pipelines,www.plains.com,Houston,TX,77002,"4,100",,"$42,078 ",127,80.7,$60 ,,"$29,978 ","$1,533 ","$2,243 ",0.1,0.2,3.9,0.31,,-19.9,,28.8,-16.2,
89,Enterprise Products Partners,EPD,Pipelines,www.enterpriseproducts.com,Houston,TX,77002,"6,911",,"$40,807 ",105,50,"$4,638 ",22.8,"$67,526 ","$25,378 ","$56,172 ",11.4,6.9,18.3,2.1,22.8,11.8,5.8,21.3,3,5.6
90,TIAA,,"Insurance: Life, Health (Mutual)",www.tiaa.org,New York,NY,10017,"15,065",,"$40,526 ",79,-2.6,"$4,061 ",627.6,"$698,191 ","$42,973 ",,10,0.6,9.4,,,,,,,
91,Oracle,ORCL,Computer Software,www.oracle.com,Austin,TX,78741,"132,000",,"$40,479 ",80,3.6,"$13,746 ",35.6,"$131,107 ","$5,238 ","$220,737 ",34,10.5,262.4,4.55,47.7,17.1,10.5,36.9,19.7,14.6
92,Thermo Fisher Scientific,TMO,"Scientific, Photographic and Control Equipment",www.thermofisher.com,Waltham,MA,2451,"129,000",,"$39,211 ",95,21.7,"$7,725 ",21.2,"$95,123 ","$40,793 ","$231,057 ",19.7,8.1,18.9,19.46,21.9,30.8,18.9,43.5,36.8,31.5
93,Coca-Cola,KO,Beverages,www.coca-colacompany.com,Atlanta,GA,30313,"79,000",,"$38,655 ",93,17.1,"$9,771 ",26.1,"$94,354 ","$22,999 ","$268,770 ",25.3,10.4,42.5,2.25,25.7,8.6,2,11.3,11,8.7
94,General Dynamics,GD,Aerospace and Defense,www.gd.com,Reston,VA,20190,"103,100",,"$38,469 ",84,1.4,"$3,257 ",2.8,"$50,073 ","$17,641 ","$67,081 ",8.5,6.5,18.5,11.55,5,3.9,5.3,43.6,6.2,14.7
95,CHS,,Food Production,www.chsinc.com,Inver Grove Heights,MN,55077,"9,941",,"$38,448 ",103,35.4,$554 ,31.1,"$17,576 ","$9,009 ",,1.4,3.2,6.1,,,,,,,
96,United Services Automobile Assn.,,Insurance: Property and Casualty (Stock),www.usaa.com,San Antonio,TX,78288,"37,335",,"$37,470 ",87,3.2,"$3,300 ",-15.5,"$210,677 ","$39,997 ",,8.8,1.6,8.3,,,,,,,
97,Northwestern Mutual,,"Insurance: Life, Health (Mutual)",www.northwesternmutual.com,Milwaukee,WI,53202,"7,585",,"$36,751 ",90,8.8,$978 ,130.1,"$334,654 ","$29,283 ",,2.7,0.3,3.3,,,,,,,
98,Nucor,NUE,Metals,www.nucor.com,Charlotte,NC,28211,"28,800",,"$36,484 ",149,81.2,"$6,828 ",846.3,"$25,823 ","$14,016 ","$39,954 ",18.7,26.4,48.7,23.16,881.4,56.3,25.2,118.6,17,14.4
99,Exelon,EXC,Utilities: Gas and Electric,www.exeloncorp.com,Chicago,IL,60603,"31,518",,"$36,347 ",92,10,"$1,706 ",-13.1,"$133,013 ","$34,393 ","$46,684 ",4.7,1.3,5,1.74,-13.4,7.4,-7.4,41.2,14,7
100,Massachusetts Mutual Life Insurance,,"Insurance: Life, Health (Mutual)",www.massmutual.com,Springfield,MA,1111,"10,052",,"$35,900 ",123,51.7,$319 ,,"$383,292 ","$28,896 ",,0.9,0.1,1.1,,,,,,,
101,Northrop Grumman,NOC,Aerospace and Defense,www.northropgrumman.com,Falls Church,VA,22042,"88,000",,"$35,667 ",86,-3.1,"$7,005 ",119.7,"$42,579 ","$12,926 ","$69,812 ",19.6,16.5,54.2,43.54,128.8,29,19.2,29.3,12.5,23.2
102,3M,MMM,Chemicals,www.3m.com,St. Paul,MN,55144,"95,000",,"$35,355 ",96,9.9,"$5,921 ",10,"$47,072 ","$15,046 ","$84,738 ",16.7,12.6,39.4,10.12,9.4,4.4,5.4,4.9,2.9,11.1
103,Travelers,TRV,Insurance: Property and Casualty (Stock),www.travelers.com,New York,NY,10017,"30,492",,"$34,816 ",98,8.9,"$3,662 ",35.8,"$120,466 ","$28,887 ","$44,129 ",10.5,3,12.7,14.49,37.7,7.1,15.7,14,7.6,12.9
104,Arrow Electronics,ARW,Wholesalers: Electronics and Office Equipment,www.arrow.com,Centennial,CO,80112,"20,700",,"$34,477 ",102,20.2,"$1,108 ",89.6,"$19,536 ","$5,282 ","$7,951 ",3.2,5.7,21,15.1,103.2,21.6,11.3,38,13.5,13.6
105,Honeywell International,HON,"Electronics, Electrical Equip.",www.honeywell.com,Charlotte,NC,28202,"99,000",,"$34,392 ",94,5.4,"$5,542 ",16,"$64,470 ","$18,569 ","$133,381 ",16.1,8.6,29.8,7.91,17.7,5,11.7,-0.3,15.7,17.3
106,Dollar General,DG,Specialty Retailers: Other,www.dollargeneral.com,Goodlettsville,TN,37072,"163,000",,"$34,220 ",91,1.4,"$2,399 ",-9.6,"$26,327 ","$6,262 ","$50,953 ",7,9.1,38.3,10.17,-4.2,18.1,16.4,13,27.3,19.9
107,Qualcomm,QCOM,Semiconductors and Other Electronic Components,www.qualcomm.com,San Diego,CA,92121,"45,000",,"$33,566 ",124,42.6,"$9,043 ",74,"$41,240 ","$9,950 ","$172,228 ",26.9,21.9,90.9,7.87,74.1,15.6,12.1,22.3,26.9,16.1
108,Capital One Financial,COF,Commercial Banks,www.capitalone.com,McLean,VA,22102,"50,767",,"$32,033 ",99,1.2,"$12,390 ",356.5,"$432,381 ","$61,029 ","$53,260 ",38.7,2.9,20.3,26.94,420.1,31.4,14.8,49.3,12.6,14.9
109,TD Synnex,SNX,Wholesalers: Electronics and Office Equipment,www.tdsynnex.com,Fremont,CA,94538,"27,000",,"$31,614 ",117,28.1,$395 ,-25.3,"$27,666 ","$7,906 ","$9,854 ",1.2,1.4,5,6.24,-38.9,1.2,4.3,41.5,15.2,23.5
110,Philip Morris International,PM,Tobacco,www.pmi.com,New York,NY,10017,"69,600",,"$31,405 ",101,9.4,"$9,109 ",13.1,"$41,290 ","($10,106)","$145,615 ",29,22.1,,5.83,13,5.4,1.9,20.9,6.1,6.8
111,World Fuel Services,INT,Energy,www.wfscorp.com,Miami,FL,33178,"4,414",,"$31,337 ",147,53.9,$74 ,-32.8,"$5,942 ","$1,913 ","$1,716 ",0.2,1.2,3.9,1.16,-32.2,-8.5,-8.1,-13.9,-9.4,-3.8
112,Performance Food Group,PFGC,Wholesalers: Food and Grocery,www.pfgc.com,Richmond,VA,23238,"22,885",,"$30,399 ",114,21.2,$41 ,,"$7,846 ","$2,106 ","$7,881 ",0.1,0.5,1.9,0.3,,-15.6,,-3.6,13.8,
113,Delta Air Lines,DAL,Airlines,www.delta.com,Atlanta,GA,30354,"83,000",,"$29,899 ",178,74.9,$280 ,,"$72,459 ","$3,887 ","$25,322 ",0.9,0.4,7.2,0.44,,-40.3,-8,-2.8,-2.9,18.5
114,American Airlines Group,AAL,Airlines,www.aa.com,Fort Worth,TX,76155,"123,400",,"$29,882 ",174,72.4,"($1,993)",,"$66,467 ","($7,340)","$11,847 ",-6.7,-3,,-3.09,,,,13.9,-16.8,
115,Netflix,NFLX,Entertainment,www.netflix.com,Los Gatos,CA,95032,"11,300",,"$29,698 ",115,18.8,"$5,116 ",85.3,"$44,585 ","$15,849 ","$166,304 ",17.2,11.5,32.3,11.24,84.9,92.1,34.2,11.4,37.2,50.8
116,Paramount Global,PARA,Entertainment,www.paramount.com,New York,NY,10036,"25,115",,"$29,579 ",109,13,"$4,543 ",87.6,"$58,620 ","$22,402 ","$24,629 ",15.4,7.7,20.3,6.94,77,19.8,13.7,-17.1,-12,2.7
117,US Foods Holding,USFD,Wholesalers: Food and Grocery,www.usfoods.com,Rosemont,IL,60018,"28,000",,"$29,487 ",128,28.8,$164 ,,"$12,521 ","$4,269 ","$8,392 ",0.6,1.3,3.8,0.54,,-12.1,,4.6,4.9,
118,Danaher,DHR,Medical Products and Equipment,www.danaher.com,Washington,DC,20037,"79,000",,"$29,453 ",130,32.2,"$6,433 ",76.4,"$83,184 ","$45,167 ","$209,993 ",21.8,7.7,14.2,8.61,76.1,18.7,10.7,48.5,34.1,25.3
119,Jabil,JBL,Semiconductors and Other Electronic Components,www.jabil.com,St. Petersburg,FL,33716,"238,000",,"$29,285 ",104,7.4,$696 ,"1,191.00","$16,654 ","$2,136 ","$8,857 ",2.4,4.2,32.6,4.58,"1,208.60",28.3,10.2,66.4,25.6,15
120,Starbucks,SBUX,Food Services,www.starbucks.com,Seattle,WA,98134,"383,000",,"$29,061 ",125,23.6,"$4,199 ",352.4,"$31,393 ","($5,321)","$104,643 ",14.5,13.4,,3.54,348.1,13.3,15.9,11.2,18.3,19.6
121,Mondelez International,MDLZ,Food Consumer Products,www.mondelezinternational.com,Chicago,IL,60607,"79,000",,"$28,720 ",108,8,"$4,300 ",21,"$67,092 ","$28,269 ","$87,159 ",15,6.4,15.2,3.04,23.1,23.7,4.3,15.9,10.7,12.7
122,Eli Lilly,LLY,Pharmaceuticals,www.lilly.com,Indianapolis,IN,46285,"35,238",,"$28,318 ",118,15.4,"$5,582 ",-9.9,"$48,806 ","$8,979 ","$272,724 ",19.7,11.4,62.2,6.12,-9.9,18.9,4.6,66,33.1,24.2
123,Hewlett Packard Enterprise,HPE,"Computers, Office Equipment",www.hpe.com,Houston,TX,77070,"60,400",,"$27,784 ",106,3,"$3,427 ",,"$57,699 ","$19,971 ","$21,725 ",12.3,5.9,17.2,2.58,,7.2,,37.7,6.3,
124,D.R. Horton,DHI,Homebuilders,www.drhorton.com,Arlington,TX,76011,"11,788",,"$27,774 ",148,36.7,"$4,176 ",75.9,"$24,016 ","$14,887 ","$26,403 ",15,17.4,28.1,11.41,78,37,47.8,58.8,33.3,25.3
125,Molina Healthcare,MOH,Health Care: Insurance and Managed Care,www.molinahealthcare.com,Long Beach,CA,90802,"14,000",,"$27,771 ",155,43,$659 ,-2.1,"$12,209 ","$2,630 ","$19,573 ",2.4,5.4,25.1,11.25,0.2,65,38,49.6,42.4,30.4
126,CBRE Group,CBRE,Real Estate,www.cbre.com,Dallas,TX,75201,"105,000",,"$27,746 ",122,16.5,"$1,837 ",144.2,"$22,074 ","$8,528 ","$30,414 ",6.6,8.3,21.5,5.41,143.7,26.2,22,73,28.1,21.7
127,Micron Technology,MU,Semiconductors and Other Electronic Components,www.micron.com,Boise,ID,83716,"43,000",,"$27,705 ",135,29.3,"$5,861 ",118.1,"$58,849 ","$43,933 ","$86,977 ",21.2,10,13.3,5.14,116.9,,40.6,24.1,33.6,31
128,Broadcom,AVGO,Semiconductors and Other Electronic Components,www.broadcom.com,San Jose,CA,95131,"20,000",,"$27,450 ",121,14.9,"$6,736 ",127.6,"$75,570 ","$24,962 ","$257,087 ",24.5,8.9,27,15,137,,21.2,56.4,34.6,40.2
129,Gilead Sciences,GILD,Pharmaceuticals,www.gilead.com,Foster City,CA,94404,"14,400",,"$27,305 ",116,10.6,"$6,225 ","4,961.00","$67,952 ","$21,069 ","$74,657 ",22.8,9.2,29.5,4.93,"4,830.00",-13.1,10.8,29.8,4,16
130,PBF Energy,PBF,Petroleum Refining,www.pbfenergy.com,Parsippany,NJ,7054,"3,418",,"$27,253 ",203,80.3,$231 ,,"$11,641 ","$1,926 ","$2,933 ",0.8,2,12,1.9,,1.8,,82.7,-11.5,
131,Lennar,LEN,Homebuilders,www.lennar.com,Miami,FL,33172,"10,753",,"$27,131 ",129,20.6,"$4,430 ",79.7,"$33,208 ","$20,816 ","$23,413 ",16.3,13.3,21.3,14.27,81.8,29.9,40.7,53.9,23.2,20.3
132,United Natural Foods,UNFI,Wholesalers: Food and Grocery,www.unfi.com,Providence,RI,2908,"28,300",,"$26,992 ",107,0.9,$149 ,,"$7,525 ","$1,515 ","$2,409 ",0.6,2,9.8,2.48,,-0.2,4.5,207.3,0.6,2.1
133,NRG Energy,NRG,Energy,www.nrg.com,Houston,TX,77002,"6,635",,"$26,989 ",333,196.8,"$2,187 ",328.8,"$23,182 ","$3,600 ","$9,289 ",8.1,9.4,60.8,8.93,331.4,,27.6,18.7,30.7,11
134,Nvidia,NVDA,Semiconductors and Other Electronic Components,www.nvidia.com,Santa Clara,CA,95051,"22,473",,"$26,914 ",184,61.4,"$9,752 ",125.1,"$44,187 ","$26,612 ","$684,879 ",36.2,22.1,36.6,3.85,123.2,43.1,32.3,125.5,62,57.2
135,Occidental Petroleum,OXY,"Mining, Crude-Oil Production",www.oxy.com,Houston,TX,77046,"11,678",,"$26,772 ",183,60.5,"$2,322 ",,"$75,036 ","$20,327 ","$53,160 ",8.7,3.1,11.4,1.58,,,-15.3,67.7,-13.6,-7.7
136,Salesforce,CRM,Computer Software,www.salesforce.com,San Francisco,CA,94105,"73,541",,"$26,492 ",137,24.7,"$1,444 ",-64.5,"$95,209 ","$58,131 ","$210,197 ",5.5,1.5,2.5,1.48,-66.2,41.6,,14.2,30,25.9
137,Dollar Tree,DLTR,Specialty Retailers: Other,www.dollartree.com,Chesapeake,VA,23320,"136,226",,"$26,321 ",111,3.2,"$1,328 ",-1,"$21,722 ","$7,719 ","$36,051 ",5,6.1,17.2,5.8,2.7,8.9,11.2,30.1,12.7,13
138,KKR,KKR,Securities,www.kkr.com,New York,NY,10001,"3,238",,"$26,141 ",316,171.5,"$4,667 ",133,"$264,285 ","$17,582 ","$51,543 ",17.9,1.8,26.5,7.31,116.9,65.4,93.4,85.8,40.1,24.8
139,Kraft Heinz,KHC,Food Consumer Products,www.kraftheinzcompany.com,Chicago,IL,60601,"36,000",,"$26,042 ",110,-0.5,"$1,012 ",184.3,"$93,394 ","$49,298 ","$48,249 ",3.9,1.1,2.1,0.82,182.8,-21.8,,8,-12.5,
140,Amgen,AMGN,Pharmaceuticals,www.amgen.com,Thousand Oaks,CA,91320,"24,200",,"$25,979 ",112,2.2,"$5,893 ",-18.9,"$61,165 ","$6,700 ","$134,701 ",22.7,9.6,88,10.28,-16.5,0.1,9.8,1,12.2,16.2
141,AutoNation,AN,"Automotive Retailing, Services",www.autonation.com,Fort Lauderdale,FL,33301,"22,200",,"$25,844 ",145,26.7,"$1,373 ",259.8,"$8,944 ","$2,377 ","$6,111 ",5.3,15.4,57.8,18.31,325.8,34.6,25.4,67.4,19.2,12.2
142,Penske Automotive Group,PAG,"Automotive Retailing, Services",www.penskeautomotive.com,Bloomfield Hills,MI,48302,"24,797",,"$25,555 ",143,25,"$1,188 ",118.5,"$13,465 ","$4,070 ","$7,197 ",4.6,8.8,29.2,14.89,120.9,30.1,22.6,84.4,18.7,21.4
143,PayPal Holdings,PYPL,Financial Data Services,www.paypal.com,San Jose,CA,95131,"30,900",,"$25,371 ",134,18.3,"$4,169 ",-0.8,"$75,803 ","$21,727 ","$134,733 ",16.4,5.5,19.2,3.52,-0.6,25.1,,-19.5,36.7,
144,Macy's,M,General Merchandisers,www.macysinc.com,New York,NY,10001,"88,857",,"$25,292 ",164,39.8,"$1,430 ",,"$17,590 ","$3,621 ","$7,123 ",5.7,8.1,39.5,4.55,,18,4.5,134.2,-0.6,2
145,Duke Energy,DUK,Utilities: Gas and Electric,www.duke-energy.com,Charlotte,NC,28202,"27,605",,"$24,677 ",126,5.2,"$3,908 ",183.8,"$169,587 ","$49,296 ","$85,967 ",15.8,2.3,7.9,4.94,187.2,9.7,2.6,19.1,10.8,9.4
146,United Airlines Holdings,UAL,Airlines,www.united.com,Chicago,IL,60606,"84,100",,"$24,634 ",200,60.4,"($1,964)",,"$68,175 ","$5,029 ","$15,050 ",-8,-2.9,-39.1,-6.1,,,,1.2,-9.7,8.8
147,Visa,V,Financial Data Services,www.visa.com,San Francisco,CA,94105,"21,500",,"$24,105 ",133,10.3,"$12,311 ",13.3,"$82,896 ","$37,589 ","$480,023 ",51.1,14.9,32.8,,,,,-0.3,23.5,24.8
148,Rite Aid,RAD,Food and Drug Stores,www.riteaid.com,Camp Hill,PA,17011,"50,000",,"$24,043 ",132,9.6,($91),,"$9,335 ",$615 ,$488 ,-0.4,-1,-14.8,-1.69,,,,-7.2,-38.3,-5.3
149,Cummins,CMI,Industrial Machinery,www.cummins.com,Columbus,IN,47201,"59,900",,"$24,021 ",150,21.3,"$2,131 ",19.1,"$23,710 ","$8,474 ","$29,141 ",8.9,9,25.1,14.61,21.6,12.2,4.3,-1.7,12.9,12.4
150,U.S. Bancorp,USB,Commercial Banks,www.usbank.com,Minneapolis,MN,55402,"68,796",,"$23,714 ",113,-6,"$7,963 ",60.6,"$573,284 ","$54,918 ","$78,930 ",33.6,1.4,14.5,5.1,66.7,9.5,7.6,24.3,4.9,10.5
151,Paccar,PCAR,Motor Vehicles and Parts,www.paccar.com,Bellevue,WA,98004,"28,500",,"$23,522 ",159,25.6,"$1,852 ",42.6,"$29,302 ","$11,437 ","$30,620 ",7.9,6.3,16.2,5.32,42.2,29.2,6.4,4.7,10.5,12.8
152,McDonald's,MCD,Food Services,www.investor.mcdonalds.com,Chicago,IL,60607,"200,000",,"$23,223 ",157,20.9,"$7,545 ",59.5,"$53,854 ","($4,601)","$183,874 ",32.5,14,,10.04,59.1,13,6.7,27.7,20,13.5
153,Southern,SO,Utilities: Gas and Electric,www.southerncompany.com,Atlanta,GA,30308,"27,164",,"$23,113 ",146,13.4,"$2,393 ",-23.3,"$127,534 ","$27,874 ","$76,877 ",10.4,1.9,8.6,2.24,-23.5,-2.6,-1.3,16.3,11.8,8.8
154,C.H. Robinson Worldwide,CHRW,Transportation and Logistics,www.chrobinson.com,Eden Prairie,MN,55347,"16,877",,"$23,102 ",191,42.5,$844 ,66.7,"$7,028 ","$2,022 ","$13,856 ",3.7,12,41.8,6.31,69.6,11.9,9.2,17.2,10.4,6.9
155,Truist Financial,TFC,Commercial Banks,www.truist.com,Charlotte,NC,28202,"51,462",,"$23,064 ",119,-5.6,"$6,440 ",43.7,"$541,241 ","$69,271 ","$75,354 ",27.9,1.2,9.3,4.47,45.1,10,9.3,26.1,8,12.2
156,Applied Materials,AMAT,Semiconductors and Other Electronic Components,www.appliedmaterials.com,Santa Clara,CA,95054,"27,000",,"$23,063 ",176,34.1,"$5,888 ",62.7,"$25,825 ","$12,247 ","$116,431 ",25.5,22.8,48.1,6.4,63.3,33,16,83.6,39.1,33.1
157,Freeport-McMoRan,FCX,"Mining, Crude-Oil Production",www.fcx.com,Phoenix,AZ,85004,"24,700",,"$22,845 ",215,60.9,"$4,306 ",618.9,"$48,022 ","$13,980 ","$72,361 ",18.8,9,30.8,2.9,607.3,,-4.9,61.3,26.9,3.5
158,Lithia Motors,LAD,"Automotive Retailing, Services",www.lithiainvestorrelations.com,Medford,OR,97501,"21,150",,"$22,832 ",231,74,"$1,060 ",125.4,"$11,147 ","$4,626 ","$8,910 ",4.6,9.5,22.9,36.54,87.1,36.5,32.4,1.9,26.3,31
159,Blackstone,BX,Diversified Financials,www.blackstone.com,New York,NY,10154,"3,795",,"$22,577 ",454,270,"$5,857 ",460.3,"$41,196 ","$9,423 ","$88,907 ",25.9,14.2,62.2,8.13,442,39.1,,107.1,44.1,32.2
160,Hartford Financial Services Group,HIG,Insurance: Property and Casualty (Stock),www.thehartford.com,Hartford,CT,6155,"18,100",,"$22,390 ",142,9.1,"$2,365 ",36.2,"$76,578 ","$17,843 ","$23,816 ",10.6,3.1,13.3,6.62,39.1,23.9,17.7,44.2,10.2,18
161,Aflac,AFL,"Insurance: Life, Health (Stock)",www.aflac.com,Columbus,GA,31999,"12,447",,"$22,106 ",131,-0.2,"$4,325 ",-9.5,"$157,542 ","$33,253 ","$41,813 ",19.6,2.7,13,6.39,-4.2,14.8,11.8,34.6,13.5,13.2
162,Whirlpool,WHR,"Electronics, Electrical Equip.",www.whirlpoolcorp.com,Benton Harbor,MI,49022,"69,000",,"$21,985 ",154,13,"$1,783 ",64.9,"$20,285 ","$4,846 ","$10,101 ",8.1,8.8,36.8,28.36,66.1,19.8,19,33.2,8.4,20.4
163,Union Pacific,UNP,Railroads,www.up.com,Omaha,NE,68179,"32,124",,"$21,804 ",153,11.6,"$6,523 ",21.9,"$63,525 ","$14,161 ","$171,682 ",29.9,10.3,46.1,9.95,26.3,14.4,11.5,23.4,22,19.4
164,International Paper,IP,"Packaging, Containers",www.internationalpaper.com,Memphis,TN,38197,"38,200",,"$21,780 ",141,5.8,"$1,752 ",263.5,"$25,243 ","$9,082 ","$17,301 ",8,6.9,19.3,4.47,266.4,15.4,3.8,3.5,2.8,9.4
165,Altria Group,MO,Tobacco,www.altria.com,Richmond,VA,23230,"6,000",,"$21,111 ",138,1.3,"$2,475 ",-44.6,"$39,523 ","($1,606)","$94,952 ",11.7,6.3,,1.34,-44.2,-28.7,-2,24.6,-1.1,10.5
166,CDW,CDW,Information Technology Services,www.cdw.com,Lincolnshire,IL,60069,"13,900",,"$20,821 ",161,12.7,$989 ,25.4,"$13,199 ",$706 ,"$24,140 ",4.7,7.5,140.1,7.04,29.2,22.4,,56.9,33,
167,ManpowerGroup,MAN,Temporary Help,www.manpowergroup.com,Milwaukee,WI,53212,"30,000",,"$20,724 ",165,15.1,$382 ,"1,506.70","$9,829 ","$2,522 ","$5,026 ",1.8,3.9,15.2,6.91,"1,585.40",2,8.6,10.5,4.2,12.8
168,PG&E,PCG,Utilities: Gas and Electric,www.pgecorp.com,San Francisco,CA,94105,"26,000",,"$20,642 ",160,11.8,($102),,"$103,327 ","$20,971 ","$29,434 ",-0.5,-0.1,-0.5,-0.05,,,,-2.6,-27.1,-9.5
169,Carrier Global,CARR,Industrial Machinery,www.corporate.carrier.com,Palm Beach Gardens,FL,33418,"58,000",,"$20,613 ",171,18.1,"$1,664 ",-16,"$26,172 ","$6,767 ","$39,127 ",8.1,6.4,24.6,1.87,-16.9,,,45.3,,
170,Baker Hughes,BKR,"Oil and Gas Equipment, Services",www.bakerhughes.com,Houston,TX,77073,"54,000",,"$20,502 ",140,-1,($219),,"$35,308 ","$14,830 ","$37,410 ",-1.1,-0.6,-1.5,-0.27,,,,19,-8.8,-1.1
171,Cleveland-Cliffs,CLF,Metals,www.clevelandcliffs.com,Cleveland,OH,44114,"26,000",,"$20,444 ",,281.8,"$2,988 ",,"$18,975 ","$5,490 ","$16,891 ",14.6,15.7,54.4,5.36,,43.9,-7.3,49.5,22.2,-8.3
172,United States Steel,X,Metals,www.ussteel.com,Pittsburgh,PA,15219,"24,540",,"$20,275 ",310,108.1,"$4,174 ",,"$17,816 ","$9,010 ","$9,832 ",20.6,23.4,46.3,14.88,,,,42.5,-5.7,-0.2
173,Becton Dickinson,BDX,Medical Products and Equipment,www.bd.com,Franklin Lakes,NJ,7417,"75,000",,"$20,248 ",177,18.3,"$2,092 ",139.4,"$53,866 ","$23,675 ","$75,749 ",10.3,3.9,8.8,6.85,152.8,8.8,2,1.9,10.2,14.8
174,CarMax,KMX,"Automotive Retailing, Services",www.carmax.com,Richmond,VA,23238,"26,889",,"$20,092 ",136,-6.2,$747 ,-15.9,"$21,542 ","$4,365 ","$15,599 ",3.7,3.5,17.1,4.52,-15.2,8.3,10.6,37.9,15.1,15.6
175,Sherwin-Williams,SHW,Chemicals,www.sherwin-williams.com,Cleveland,OH,44115,"61,626",,"$19,945 ",162,8.6,"$1,864 ",-8.2,"$20,667 ","$2,437 ","$65,038 ",9.3,9,76.5,6.98,-5.2,11.8,17.6,44.9,32.6,29.3
176,Builders FirstSource,BLDR,"Building Materials, Glass",www.bldr.com,Dallas,TX,75201,"28,000",,"$19,894 ",350,132.4,"$1,725 ",450.3,"$10,714 ","$4,803 ","$11,409 ",8.7,16.1,35.9,8.48,218.8,46.2,,110,50.9,45.3
177,Marsh & McLennan,MMC,Diversified Financials,www.marshmclennan.com,New York,NY,10036,"83,000",,"$19,820 ",175,15.1,"$3,143 ",55.9,"$34,388 ","$11,009 ","$85,681 ",15.9,9.1,28.5,6.13,55.6,12.6,13.1,50.7,22.9,21
178,PNC Financial Services Group,PNC,Commercial Banks,www.pnc.com,Pittsburgh,PA,15222,"58,547",,"$19,698 ",120,-18.1,"$5,674 ",-24.5,"$557,191 ","$55,695 ","$77,203 ",28.8,1,10.2,12.7,-25.1,11.7,8.5,38.1,14.5,16.2
179,Lumen Technologies,LUMN,Telecommunications,www.lumen.com,Monroe,LA,71203,"36,000",,"$19,687 ",139,-4.9,"$2,033 ",,"$57,993 ","$11,840 ","$11,533 ",10.3,3.5,17.2,1.91,,10.5,6,38.8,-3.3,-2.6
180,Avnet,AVT,Wholesalers: Electronics and Office Equipment,www.avnet.com,Phoenix,AZ,85034,"14,500",,"$19,535 ",168,10.8,$193 ,,"$8,925 ","$4,084 ","$4,017 ",1,2.2,4.7,1.93,,-12.7,-7.8,20.3,-0.6,4.6
181,Tenet Healthcare,THC,Health Care: Medical Facilities,www.tenethealth.com,Dallas,TX,75254,"88,968",,"$19,485 ",167,10.5,$914 ,129.1,"$27,579 ","$1,028 ","$9,388 ",4.7,3.3,88.9,8.42,124.5,,33.2,104.6,40.7,14.8
182,Kimberly-Clark,KMB,Household and Personal Products,www.kimberly-clark.com,Irving,TX,75038,"45,000",,"$19,440 ",158,1.6,"$1,814 ",-22.9,"$17,837 ",$514 ,"$41,496 ",9.3,10.2,352.9,5.35,-22.1,-2.2,3,9.6,8.1,10.8
183,Kohl's,KSS,General Merchandisers,www.kohls.com,Menomonee Falls,WI,53051,"67,000",,"$19,433 ",195,21.8,$938 ,,"$15,054 ","$4,661 ","$7,775 ",4.8,6.2,20.1,6.32,,15.2,3.9,23.6,4.3,3.8
184,BlackRock,BLK,Securities,www.blackrock.com,New York,NY,10055,"18,400",,"$19,374 ",192,19.6,"$5,901 ",19.6,"$152,648 ","$37,693 ","$116,186 ",30.5,3.9,15.7,38.22,20,15,11.9,29.4,22.2,20.9
185,Jones Lang LaSalle,JLL,Real Estate,www.jll.com,Chicago,IL,60601,"98,200",,"$19,367 ",186,16.7,$962 ,138.9,"$15,505 ","$6,185 ","$11,946 ",5,6.2,15.5,18.47,139.9,21.5,17.4,81.5,22.1,16.4
186,Lear,LEA,Motor Vehicles and Parts,www.lear.com,Southfield,MI,48033,"160,100",,"$19,263 ",179,13,$374 ,135.9,"$13,352 ","$4,643 ","$8,513 ",1.9,2.8,8.1,6.19,136.3,-14.2,2,16.3,8.3,18
187,Lincoln National,LNC,"Insurance: Life, Health (Stock)",www.lfg.com,Radnor,PA,19087,"10,848",,"$19,230 ",172,10.3,"$1,405 ",181.6,"$387,301 ","$20,272 ","$11,272 ",7.3,0.4,6.9,7.43,190.2,8.1,23.2,39.5,3.2,15.8
188,Charles Schwab,SCHW,Securities,www.aboutschwab.com,Westlake,TX,76262,"33,400",,"$18,996 ",251,56.9,"$5,855 ",77.5,"$667,270 ","$56,261 ","$159,676 ",30.8,0.9,10.4,2.83,33.5,16.7,15,60.2,17.8,23.7
189,Ross Stores,ROST,Specialty Retailers: Apparel,www.rossstores.com,Dublin,CA,94568,"100,000",,"$18,916 ",242,50.9,"$1,723 ","1,917.50","$13,640 ","$4,060 ","$31,742 ",9.1,12.6,42.4,4.87,"1,929.20",11.5,13,-6,12.7,18.1
190,Mastercard,MA,Financial Data Services,www.mastercard.com,Purchase,NY,10577,"24,000",,"$18,884 ",201,23.4,"$8,687 ",35.5,"$37,669 ","$7,312 ","$349,331 ",46,23.1,118.8,8.76,37.5,18.9,19.4,1.2,29,26.1
191,Genuine Parts,GPC,Wholesalers: Diversified,www.genpt.com,Atlanta,GA,30339,"52,000",,"$18,871 ",173,8.5,$899 ,,"$14,352 ","$3,491 ","$17,888 ",4.8,6.3,25.7,6.23,,6.3,5.7,43.6,11.3,11.9
192,WestRock,WRK,"Packaging, Containers",www.westrock.com,Atlanta,GA,30328,"49,900",,"$18,746 ",170,6.6,$838 ,,"$29,254 ","$11,670 ","$12,379 ",4.5,2.9,7.2,3.13,,,8.5,3.8,0.5,8.3
193,EOG Resources,EOG,"Mining, Crude-Oil Production",www.eogresources.com,Houston,TX,77002,"2,800",,"$18,642 ",285,69,"$4,664 ",,"$38,236 ","$22,180 ","$69,796 ",25,12.2,21,7.99,,,14.6,88.9,-0.3,7.7
194,Cognizant Technology Solutions,CTSH,Information Technology Services,www.cognizant.com,Teaneck,NJ,7666,"330,600",,"$18,507 ",185,11.1,"$2,137 ",53.5,"$17,852 ","$11,991 ","$47,035 ",11.5,12,17.8,4.05,57.6,9.7,11,9.7,10.9,11.3
195,Moderna,MRNA,Pharmaceuticals,www.modernatx.com,Cambridge,MA,2139,"2,700",,"$18,471 ",,"2,199.10","$12,202 ",,"$24,669 ","$14,145 ","$69,424 ",66.1,49.5,86.3,28.29,,,,143.1,,
196,Steel Dynamics,STLD,Metals,www.steeldynamics.com,Fort Wayne,IN,46804,"10,640",,"$18,409 ",319,91.7,"$3,214 ",483.5,"$12,531 ","$6,305 ","$15,812 ",17.5,25.6,51,15.56,500.8,58.4,29,71.7,14.4,19.8
197,HF Sinclair,DINO,Petroleum Refining,www.hfsinclair.com,Dallas,TX,75201,"4,208",,"$18,389 ",279,64.4,$558 ,,"$12,917 ","$5,688 ","$8,896 ",3,4.3,9.8,3.39,,,-6.2,27.9,3,8.2
198,Texas Instruments,TXN,Semiconductors and Other Electronic Components,www.ti.com,Dallas,TX,75243,"31,000",,"$18,344 ",210,26.9,"$7,769 ",38.9,"$24,676 ","$13,333 ","$169,330 ",42.4,31.5,58.3,8.26,38.4,18.9,16,17.5,24.1,23.7
199,Emerson Electric,EMR,Industrial Machinery,www.emerson.com,St. Louis,MO,63136,"86,700",,"$18,236 ",181,8.6,"$2,303 ",17.2,"$24,715 ","$9,883 ","$58,242 ",12.6,9.3,23.3,3.82,17.9,8.7,1.6,18.2,13.9,10.4
200,WESCO International,WCC,Wholesalers: Diversified,www.wesco.com,Pittsburgh,PA,15219,"18,000",,"$18,218 ",245,47.8,$465 ,362.8,"$12,618 ","$3,783 ","$6,599 ",2.6,3.7,12.3,7.84,419.2,30.1,7.1,67.6,14.6,9.5